-- phpMyAdmin SQL Dump
-- version 4.2.11
-- http://www.phpmyadmin.net
--
-- Host: 127.0.0.1
-- Generation Time: Apr 23, 2016 at 03:19 PM
-- Server version: 5.6.21
-- PHP Version: 5.6.3

SET SQL_MODE = "NO_AUTO_VALUE_ON_ZERO";
SET time_zone = "+00:00";


/*!40101 SET @OLD_CHARACTER_SET_CLIENT=@@CHARACTER_SET_CLIENT */;
/*!40101 SET @OLD_CHARACTER_SET_RESULTS=@@CHARACTER_SET_RESULTS */;
/*!40101 SET @OLD_COLLATION_CONNECTION=@@COLLATION_CONNECTION */;
/*!40101 SET NAMES utf8 */;

--
-- Database: `dbms`
--

-- --------------------------------------------------------

--
-- Table structure for table `drivers`
--

CREATE TABLE IF NOT EXISTS `drivers` (
  `id` int(11) NOT NULL DEFAULT '0',
  `name` varchar(20) DEFAULT NULL,
  `team` varchar(20) DEFAULT NULL,
  `driver_type` varchar(20) DEFAULT NULL
) ENGINE=InnoDB DEFAULT CHARSET=utf8;

--
-- Dumping data for table `drivers`
--

INSERT INTO `drivers` (`id`, `name`, `team`, `driver_type`) VALUES
(3, 'DANIEL RICCIARDO', 'RED BULL RACING', 'HAS CONTRACT'),
(5, 'SEBASTIAN VETTEL', 'FERRARI', 'HAS CONTRACT'),
(6, 'NICO ROSBERG', 'MERCEDES', 'HAS CONTRACT'),
(7, 'KIMI RAIKKONEN', 'FERRARI', 'HAS CONTRACT'),
(8, 'ROMAIN GROSJEAN', 'LOTUS', 'HAS CONTRACT'),
(9, 'MARCUS ERICSSON', 'SAUBER', 'HAS CONTRACT'),
(11, 'SERGIO PEREZ', 'FORCE INDIA', 'HAS CONTRACT'),
(12, 'FELIPE NASR', 'SAUBER', 'HAS CONTRACT'),
(13, 'PASTOR MALDONADO', 'LOTUS', 'HAS CONTRACT'),
(14, 'FERNANDO ALONSO', 'MCLAREN', 'HAS CONTRACT'),
(19, 'FELIPE MASSA', 'WILLIAMS', 'HAS CONTRACT'),
(20, 'KEVIN MAGNUSSEN', 'MCLAREN', 'THIRD DRIVER'),
(22, 'JENSON BUTTON', 'MCLAREN', 'HAS CONTRACT'),
(26, 'DANIIL KVYAT', 'RED BULL RACING', 'HAS CONTRACT'),
(27, 'NICO HULKENBERG', 'FORCE INDIA', 'HAS CONTRACT'),
(28, 'WILL STEVENS', 'MARUSSIA', 'HAS CONTRACT'),
(30, 'JOLYON PALMER', 'LOTUS', 'THIRD DRIVER'),
(33, 'MAX VERSTAPPEN', 'TORO ROSSO', 'HAS CONTRACT'),
(36, 'RAFFAELE MARCIELLO', 'SAUBER', 'THIRD DRIVER'),
(41, 'SUSIE WOLFF', 'WILLIAMS', 'THIRD DRIVER'),
(44, 'LEWIS HAMILTON', 'MERCEDES', 'HAS CONTRACT'),
(53, 'ALEXANDER ROSSI', 'MARUSSIA', 'THIRD DRIVER'),
(55, 'CARLOS SAINZ', 'TORO ROSSO', 'HAS CONTRACT'),
(77, 'VALTTERI BOTTAS', 'WILLIAMS', 'HAS CONTRACT'),
(98, 'ROBERTO MERHI', 'MARUSSIA', 'HAS CONTRACT');

-- --------------------------------------------------------

--
-- Table structure for table `gp`
--

CREATE TABLE IF NOT EXISTS `gp` (
  `gp_name` varchar(20) DEFAULT NULL,
  `gp_id` varchar(20) NOT NULL,
  `gp_year` int(11) DEFAULT NULL,
  `gp_location` varchar(20) DEFAULT NULL,
  `session_id` varchar(20) NOT NULL DEFAULT ''
) ENGINE=InnoDB DEFAULT CHARSET=utf8;

--
-- Dumping data for table `gp`
--

INSERT INTO `gp` (`gp_name`, `gp_id`, `gp_year`, `gp_location`, `session_id`) VALUES
('BRITISH GRAND PRIX', 'BGP', 2015, 'BRITAIN', 'BGP_PR1'),
('BRITISH GRAND PRIX', 'BGP', 2015, 'BRITAIN', 'BGP_PR2'),
('BRITISH GRAND PRIX', 'BGP', 2015, 'BRITAIN', 'BGP_PR3'),
('BRITISH GRAND PRIX', 'BGP', 2015, 'BRITAIN', 'BGP_QR'),
('BRITISH GRAND PRIX', 'BGP', 2015, 'BRITAIN', 'BGP_R'),
('CHINESE GRAND PRIX', 'CGP', 2015, 'CHINA', 'CGP_PR1'),
('CHINESE GRAND PRIX', 'CGP', 2015, 'CHINA', 'CGP_PR2'),
('CHINESE GRAND PRIX', 'CGP', 2015, 'CHINA', 'CGP_PR3'),
('CHINESE GRAND PRIX', 'CGP', 2015, 'CHINA', 'CGP_QR'),
('CHINESE GRAND PRIX', 'CGP', 2015, 'CHINA', 'CGP_R'),
('GULF AIR BAHRAIN GRA', 'GABGP', 2015, 'BAHRAIN', 'GABGP_PR1'),
('GULF AIR BAHRAIN GRA', 'GABGP', 2015, 'BAHRAIN', 'GABGP_PR2'),
('GULF AIR BAHRAIN GRA', 'GABGP', 2015, 'BAHRAIN', 'GABGP_PR3'),
('GULF AIR BAHRAIN GRA', 'GABGP', 2015, 'BAHRAIN', 'GABGP_QR'),
('GULF AIR BAHRAIN GRA', 'GABGP', 2015, 'BAHRAIN', 'GABGP_R'),
('GRAND PRIX DU CANADA', 'GPDC', 2015, 'CANADA', 'GPDC_PR1'),
('GRAND PRIX DU CANADA', 'GPDC', 2015, 'CANADA', 'GPDC_PR2'),
('GRAND PRIX DU CANADA', 'GPDC', 2015, 'CANADA', 'GPDC_PR3'),
('GRAND PRIX DU CANADA', 'GPDC', 2015, 'CANADA', 'GPDC_QR'),
('GRAND PRIX DU CANADA', 'GPDC', 2015, 'CANADA', 'GPDC_R'),
('GRAND PRIX DE MONACO', 'GPDM', 2015, 'MONACO', 'GPDM_PR1'),
('GRAND PRIX DE MONACO', 'GPDM', 2015, 'MONACO', 'GPDM_PR2'),
('GRAND PRIX DE MONACO', 'GPDM', 2015, 'MONACO', 'GPDM_PR3'),
('GRAND PRIX DE MONACO', 'GPDM', 2015, 'MONACO', 'GPDM_QR'),
('GRAND PRIX DE MONACO', 'GPDM', 2015, 'MONACO', 'GPDM_R'),
('JAPANESE GRAND PRIX', 'JGP', 2015, 'JAPAN', 'JGP_PR1'),
('JAPANESE GRAND PRIX', 'JGP', 2015, 'JAPAN', 'JGP_PR2'),
('JAPANESE GRAND PRIX', 'JGP', 2015, 'JAPAN', 'JGP_PR3'),
('JAPANESE GRAND PRIX', 'JGP', 2015, 'JAPAN', 'JGP_QR'),
('JAPANESE GRAND PRIX', 'JGP', 2015, 'JAPAN', 'JGP_R'),
('PETRONAS MALAYSIA GR', 'PMGP', 2015, 'MALAYSIA', 'PMGP_PR1'),
('PETRONAS MALAYSIA GR', 'PMGP', 2015, 'MALAYSIA', 'PMGP_PR2'),
('PETRONAS MALAYSIA GR', 'PMGP', 2015, 'MALAYSIA', 'PMGP_PR3'),
('PETRONAS MALAYSIA GR', 'PMGP', 2015, 'MALAYSIA', 'PMGP_QR'),
('PETRONAS MALAYSIA GR', 'PMGP', 2015, 'MALAYSIA', 'PMGP_R'),
('ROLEX AUSTRALIAN GRA', 'RAGP', 2015, 'AUSTRALIA', 'RAGP_PR1'),
('ROLEX AUSTRALIAN GRA', 'RAGP', 2015, 'AUSTRALIA', 'RAGP_PR2'),
('ROLEX AUSTRALIAN GRA', 'RAGP', 2015, 'AUSTRALIA', 'RAGP_PR3'),
('ROLEX AUSTRALIAN GRA', 'RAGP', 2015, 'AUSTRALIA', 'RAGP_QR'),
('ROLEX AUSTRALIAN GRA', 'RAGP', 2015, 'AUSTRALIA', 'RAGP_R'),
('RUSSIAN GRAND PRIX', 'RGP', 2015, 'RUSSIA', 'RGP_PR1'),
('RUSSIAN GRAND PRIX', 'RGP', 2015, 'RUSSIA', 'RGP_PR2'),
('RUSSIAN GRAND PRIX', 'RGP', 2015, 'RUSSIA', 'RGP_PR3'),
('RUSSIAN GRAND PRIX', 'RGP', 2015, 'RUSSIA', 'RGP_QR'),
('RUSSIAN GRAND PRIX', 'RGP', 2015, 'RUSSIA', 'RGP_R'),
('SINGAPORE AIRLINES G', 'SAGP', 2015, 'SINGAPORE', 'SAGP_PR1'),
('SINGAPORE AIRLINES G', 'SAGP', 2015, 'SINGAPORE', 'SAGP_PR2'),
('SINGAPORE AIRLINES G', 'SAGP', 2015, 'SINGAPORE', 'SAGP_PR3'),
('SINGAPORE AIRLINES G', 'SAGP', 2015, 'SINGAPORE', 'SAGP_QR'),
('SINGAPORE AIRLINES G', 'SAGP', 2015, 'SINGAPORE', 'SAGP_R'),
('SHELL BELGIAN GRAND ', 'SBGP', 2015, 'BELGIUM', 'SBGP_PR1'),
('SHELL BELGIAN GRAND ', 'SBGP', 2015, 'BELGIUM', 'SBGP_PR2'),
('SHELL BELGIAN GRAND ', 'SBGP', 2015, 'BELGIUM', 'SBGP_PR3'),
('SHELL BELGIAN GRAND ', 'SBGP', 2015, 'BELGIUM', 'SBGP_QR'),
('SHELL BELGIAN GRAND ', 'SBGP', 2015, 'BELGIUM', 'SBGP_R'),
('UNITED STATES GRAND ', 'USGP', 2015, 'UNITED STATES', 'USGP_PR1'),
('UNITED STATES GRAND ', 'USGP', 2015, 'UNITED STATES', 'USGP_PR2'),
('UNITED STATES GRAND ', 'USGP', 2015, 'UNITED STATES', 'USGP_PR3'),
('UNITED STATES GRAND ', 'USGP', 2015, 'UNITED STATES', 'USGP_QR'),
('UNITED STATES GRAND ', 'USGP', 2015, 'UNITED STATES', 'USGP_R');

-- --------------------------------------------------------

--
-- Table structure for table `points`
--

CREATE TABLE IF NOT EXISTS `points` (
  `user_name` varchar(20) NOT NULL,
  `gp_id` varchar(20) NOT NULL,
  `points` int(11) NOT NULL
) ENGINE=InnoDB DEFAULT CHARSET=utf8;

--
-- Dumping data for table `points`
--

INSERT INTO `points` (`user_name`, `gp_id`, `points`) VALUES
('Dhruvi Sharma', 'GABGP', 50),
('Vishal Gauba', 'RGP', 50);

-- --------------------------------------------------------

--
-- Table structure for table `practice_sessions`
--

CREATE TABLE IF NOT EXISTS `practice_sessions` (
  `position` int(11) DEFAULT NULL,
  `driver_id` int(11) NOT NULL DEFAULT '0',
  `lap_time` varchar(20) DEFAULT NULL,
  `gap` varchar(20) DEFAULT NULL,
  `laps` int(11) DEFAULT NULL,
  `session_id` varchar(20) NOT NULL DEFAULT ''
) ENGINE=InnoDB DEFAULT CHARSET=utf8;

--
-- Dumping data for table `practice_sessions`
--

INSERT INTO `practice_sessions` (`position`, `driver_id`, `lap_time`, `gap`, `laps`, `session_id`) VALUES
(7, 3, '01:35.8', '+1.544s', 26, 'BGP_PR1'),
(6, 3, '01:35.2', '+0.998s', 22, 'BGP_PR2'),
(12, 3, '01:34.9', '+1.979s', 15, 'BGP_PR3'),
(6, 3, '01:41.0', '+1.996s', 21, 'CGP_PR1'),
(3, 3, '01:38.3', '+1.092s', 24, 'CGP_PR2'),
(5, 3, '01:39.0', '+1.405s', 8, 'CGP_PR3'),
(5, 3, '01:38.5', '+0.628s', 17, 'GABGP_PR1'),
(6, 3, '01:35.4', '+0.802s', 27, 'GABGP_PR2'),
(8, 3, '01:36.3', '+1.736s', 8, 'GABGP_PR3'),
(14, 3, '01:18.8', '+2.563s', 24, 'GPDC_PR1'),
(10, 3, '01:17.1', '+1.123s', 16, 'GPDC_PR2'),
(13, 3, '0.000901528', '+2.232s', 18, 'GPDC_PR3'),
(3, 3, '01:19.1', '+0.336s', 27, 'GPDM_PR1'),
(16, 3, '0.000921748', '+2.447s', 13, 'GPDM_PR2'),
(4, 3, '0.000892593', '+0.977s', 26, 'GPDM_PR3'),
(13, 3, '', '', 1, 'JGP_PR1'),
(4, 3, '01:49.1', '+0.820s', 10, 'JGP_PR2'),
(3, 3, '01:34.5', '+0.502s', 22, 'JGP_PR3'),
(6, 3, '01:41.8', '+1.663s', 15, 'PMGP_PR1'),
(10, 3, '01:41.8', '+2.009s', 8, 'PMGP_PR2'),
(7, 3, '01:40.6', '+0.900s', 19, 'PMGP_PR3'),
(10, 3, '01:31.6', '+2.013s', 9, 'RAGP_PR1'),
(18, 3, '', '', 0, 'RAGP_PR2'),
(15, 3, '01:31.2', '+3.318s', 10, 'RAGP_PR3'),
(5, 3, '01:45.2', '+0.878s', 10, 'RGP_PR1'),
(14, 3, '', '', 1, 'RGP_PR2'),
(18, 3, '01:43.3', '+4.786s', 14, 'RGP_PR3'),
(3, 3, '01:48.3', '+0.336s', 21, 'SAGP_PR1'),
(3, 3, '01:46.3', '+0.114s', 29, 'SAGP_PR2'),
(4, 3, '01:46.4', '+0.677s', 14, 'SAGP_PR3'),
(3, 3, '01:51.4', '+0.291s', 18, 'SBGP_PR1'),
(3, 3, '01:50.1', '+0.751s', 15, 'SBGP_PR2'),
(6, 3, '01:49.9', '+0.946s', 20, 'SBGP_PR3'),
(3, 3, '01:55.6', '+1.603s', 10, 'USGP_PR1'),
(8, 3, '', '', 0, 'USGP_PR2'),
(8, 3, '02:01.0', '+1.491s', 12, 'USGP_PR3'),
(6, 5, '01:35.7', '+1.465s', 17, 'BGP_PR1'),
(3, 5, '01:34.5', '+0.367s', 27, 'BGP_PR2'),
(4, 5, '01:33.9', '+1.001s', 17, 'BGP_PR3'),
(3, 5, '01:40.2', '+1.124s', 18, 'CGP_PR1'),
(4, 5, '01:38.3', '+1.120s', 30, 'CGP_PR2'),
(3, 5, '01:38.3', '+0.698s', 17, 'CGP_PR3'),
(2, 5, '01:38.0', '+0.202s', 12, 'GABGP_PR1'),
(4, 5, '01:35.3', '+0.630s', 26, 'GABGP_PR2'),
(2, 5, '01:34.7', '+0.069s', 14, 'GABGP_PR3'),
(5, 5, '01:17.9', '+1.693s', 25, 'GPDC_PR1'),
(2, 5, '01:16.3', '+0.316s', 19, 'GPDC_PR2'),
(8, 5, '01:17.2', '+1.537s', 18, 'GPDC_PR3'),
(4, 5, '01:19.1', '+0.384s', 31, 'GPDM_PR1'),
(3, 5, '0.000906192', '+1.103s', 14, 'GPDM_PR2'),
(1, 5, '0.000881285', '', 27, 'GPDM_PR3'),
(4, 5, '01:50.5', '+1.085s', 12, 'JGP_PR1'),
(5, 5, '01:50.3', '+1.991s', 19, 'JGP_PR2'),
(8, 5, '01:35.2', '+1.227s', 16, 'JGP_PR3'),
(3, 5, '01:41.0', '+0.861s', 13, 'PMGP_PR1'),
(7, 5, '01:40.7', '+0.862s', 29, 'PMGP_PR2'),
(4, 5, '01:40.3', '+0.576s', 13, 'PMGP_PR3'),
(5, 5, '01:31.0', '+1.472s', 13, 'RAGP_PR1'),
(3, 5, '01:28.4', '+0.715s', 33, 'RAGP_PR2'),
(2, 5, '01:28.6', '+0.696s', 13, 'RAGP_PR3'),
(3, 5, '01:45.0', '+0.631s', 15, 'RGP_PR1'),
(2, 5, '02:00.7', '+0.201s', 8, 'RGP_PR2'),
(16, 5, '01:42.7', '+4.125s', 11, 'RGP_PR3'),
(4, 5, '01:48.5', '+0.499s', 23, 'SAGP_PR1'),
(5, 5, '01:46.5', '+0.345s', 35, 'SAGP_PR2'),
(1, 5, '01:45.7', '', 12, 'SAGP_PR3'),
(5, 5, '01:51.9', '+0.784s', 21, 'SBGP_PR1'),
(10, 5, '01:50.9', '+1.555s', 23, 'SBGP_PR2'),
(3, 5, '01:49.6', '+0.645s', 17, 'SBGP_PR3'),
(6, 5, '01:55.7', '+1.721s', 10, 'USGP_PR1'),
(2, 5, '', '', 0, 'USGP_PR2'),
(2, 5, '02:00.4', '+0.863s', 9, 'USGP_PR3'),
(1, 6, '01:34.3', '', 12, 'BGP_PR1'),
(1, 6, '01:34.2', '', 34, 'BGP_PR2'),
(2, 6, '01:33.5', '+0.552s', 14, 'BGP_PR3'),
(2, 6, '01:39.6', '+0.541s', 21, 'CGP_PR1'),
(5, 6, '01:38.4', '+1.180s', 35, 'CGP_PR2'),
(2, 6, '01:37.8', '+0.226s', 16, 'CGP_PR3'),
(15, 6, '01:39.3', '+1.466s', 23, 'GABGP_PR1'),
(1, 6, '01:34.6', '', 31, 'GABGP_PR2'),
(3, 6, '01:35.0', '+0.369s', 16, 'GABGP_PR3'),
(2, 6, '01:16.6', '+0.415s', 38, 'GPDC_PR1'),
(4, 6, '01:16.4', '+0.452s', 22, 'GPDC_PR2'),
(1, 6, '01:15.7', '', 17, 'GPDC_PR3'),
(9, 6, '01:19.8', '+1.012s', 47, 'GPDM_PR1'),
(2, 6, '0.000901991', '+0.740s', 16, 'GPDM_PR2'),
(2, 6, '0.000883808', '+0.218s', 31, 'GPDM_PR3'),
(3, 6, '01:50.1', '+0.643s', 14, 'JGP_PR1'),
(2, 6, '01:48.3', '+0.023s', 8, 'JGP_PR2'),
(1, 6, '01:34.0', '', 19, 'JGP_PR3'),
(1, 6, '01:40.1', '', 20, 'PMGP_PR1'),
(3, 6, '01:40.2', '+0.428s', 26, 'PMGP_PR2'),
(1, 6, '01:39.7', '', 13, 'PMGP_PR3'),
(1, 6, '01:29.6', '', 19, 'RAGP_PR1'),
(1, 6, '01:27.7', '', 29, 'RAGP_PR2'),
(3, 6, '01:28.8', '+0.954s', 14, 'RAGP_PR3'),
(2, 6, '01:44.4', '+0.052s', 15, 'RGP_PR1'),
(9, 6, '', '', 6, 'RGP_PR2'),
(1, 6, '01:38.6', '', 15, 'RGP_PR3'),
(1, 6, '01:48.0', '', 27, 'SAGP_PR1'),
(7, 6, '01:46.8', '+0.639s', 34, 'SAGP_PR2'),
(6, 6, '01:47.2', '+1.541s', 16, 'SAGP_PR3'),
(1, 6, '01:51.1', '', 19, 'SBGP_PR1'),
(1, 6, '01:49.4', '', 19, 'SBGP_PR2'),
(2, 6, '01:49.5', '+0.498s', 19, 'SBGP_PR3'),
(1, 6, '01:54.0', '', 7, 'USGP_PR1'),
(9, 6, '', '', 0, 'USGP_PR2'),
(9, 6, '02:01.5', '+1.957s', 7, 'USGP_PR3'),
(4, 7, '01:35.6', '+1.314s', 21, 'BGP_PR1'),
(2, 7, '01:34.5', '+0.347s', 29, 'BGP_PR2'),
(3, 7, '01:33.7', '+0.775s', 20, 'BGP_PR3'),
(4, 7, '01:40.7', '+1.628s', 27, 'CGP_PR1'),
(2, 7, '01:37.7', '+0.443s', 35, 'CGP_PR2'),
(4, 7, '01:38.5', '+0.897s', 16, 'CGP_PR3'),
(1, 7, '01:37.8', '', 13, 'GABGP_PR1'),
(3, 7, '01:35.2', '+0.527s', 30, 'GABGP_PR2'),
(4, 7, '01:35.1', '+0.542s', 13, 'GABGP_PR3'),
(12, 7, '01:18.4', '+2.227s', 26, 'GPDC_PR1'),
(3, 7, '01:16.3', '+0.322s', 20, 'GPDC_PR2'),
(2, 7, '01:16.2', '+0.573s', 20, 'GPDC_PR3'),
(8, 7, '01:19.7', '+0.929s', 31, 'GPDM_PR1'),
(4, 7, '0.000909063', '+1.351s', 15, 'GPDM_PR2'),
(6, 7, '0.000895845', '+1.258s', 11, 'GPDM_PR3'),
(7, 7, '01:51.2', '+1.778s', 15, 'JGP_PR1'),
(6, 7, '01:50.3', '+2.042s', 16, 'JGP_PR2'),
(6, 7, '01:35.1', '+1.087s', 16, 'JGP_PR3'),
(2, 7, '01:40.5', '+0.373s', 17, 'PMGP_PR1'),
(2, 7, '01:40.2', '+0.373s', 29, 'PMGP_PR2'),
(3, 7, '01:40.2', '+0.555s', 9, 'PMGP_PR3'),
(8, 7, '01:31.3', '+1.753s', 14, 'RAGP_PR1'),
(4, 7, '01:28.8', '+1.145s', 33, 'RAGP_PR2'),
(6, 7, '01:29.0', '+1.150s', 13, 'RAGP_PR3'),
(10, 7, '01:46.2', '+1.860s', 16, 'RGP_PR1'),
(15, 7, '', '', 0, 'RGP_PR2'),
(12, 7, '01:42.3', '+3.736s', 11, 'RGP_PR3'),
(5, 7, '01:48.8', '+0.790s', 20, 'SAGP_PR1'),
(2, 7, '01:46.2', '+0.039s', 34, 'SAGP_PR2'),
(2, 7, '01:46.1', '+0.450s', 12, 'SAGP_PR3'),
(4, 7, '01:51.5', '+0.396s', 23, 'SBGP_PR1'),
(5, 7, '01:50.5', '+1.076s', 23, 'SBGP_PR2'),
(4, 7, '01:49.9', '+0.880s', 19, 'SBGP_PR3'),
(8, 7, '01:56.3', '+2.337s', 10, 'USGP_PR1'),
(7, 7, '', '', 0, 'USGP_PR2'),
(7, 7, '02:00.8', '+1.268s', 9, 'USGP_PR3'),
(14, 8, '01:36.7', '+2.573s', 21, 'BGP_PR2'),
(14, 8, '01:35.2', '+2.329s', 22, 'BGP_PR3'),
(9, 8, '01:39.1', '+1.923s', 32, 'CGP_PR2'),
(10, 8, '01:39.4', '+1.790s', 14, 'CGP_PR3'),
(13, 8, '01:36.3', '+1.687s', 31, 'GABGP_PR2'),
(18, 8, '0.001124433', '+2.552s', 17, 'GABGP_PR3'),
(3, 8, '01:17.7', '+1.509s', 35, 'GPDC_PR1'),
(7, 8, '01:16.9', '+0.876s', 15, 'GPDC_PR2'),
(3, 8, '01:16.8', '+1.112s', 14, 'GPDC_PR3'),
(13, 8, '01:20.3', '+1.524s', 34, 'GPDM_PR1'),
(10, 8, '0.000917431', '+2.074s', 13, 'GPDM_PR2'),
(10, 8, '0.000900532', '+1.663s', 28, 'GPDM_PR3'),
(15, 8, '01:52.5', '+4.257s', 6, 'JGP_PR2'),
(9, 8, '01:35.6', '+1.607s', 20, 'JGP_PR3'),
(4, 8, '01:41.5', '+1.419s', 14, 'PMGP_PR1'),
(18, 8, '01:42.9', '+3.158s', 7, 'PMGP_PR2'),
(11, 8, '01:41.2', '+1.516s', 16, 'PMGP_PR3'),
(16, 8, '02:17.8', '+48.225s', 5, 'RAGP_PR1'),
(9, 8, '01:30.2', '+2.508s', 37, 'RAGP_PR2'),
(7, 8, '01:29.5', '+1.614s', 12, 'RAGP_PR3'),
(13, 8, '01:42.4', '+3.810s', 14, 'RGP_PR3'),
(14, 8, '01:50.3', '+2.346s', 23, 'SAGP_PR1'),
(16, 8, '01:48.1', '+1.954s', 32, 'SAGP_PR2'),
(17, 8, '01:48.1', '+2.434s', 15, 'SAGP_PR3'),
(7, 8, '01:50.5', '+1.104s', 21, 'SBGP_PR2'),
(16, 8, '01:51.2', '+2.203s', 18, 'SBGP_PR3'),
(15, 8, '01:58.3', '+4.330s', 10, 'USGP_PR1'),
(12, 8, '', '', 0, 'USGP_PR2'),
(12, 8, '02:02.8', '+3.308s', 10, 'USGP_PR3'),
(18, 9, '01:37.3', '+3.172s', 37, 'BGP_PR2'),
(17, 9, '01:35.9', '+3.002s', 20, 'BGP_PR3'),
(14, 9, '01:41.9', '+2.885s', 24, 'CGP_PR1'),
(13, 9, '01:39.8', '+2.532s', 33, 'CGP_PR2'),
(13, 9, '0.001152303', '+1.944s', 18, 'CGP_PR3'),
(17, 9, '01:39.5', '+1.707s', 21, 'GABGP_PR1'),
(11, 9, '01:36.1', '+1.501s', 34, 'GABGP_PR2'),
(13, 9, '0.001118194', '+2.013s', 17, 'GABGP_PR3'),
(18, 9, '01:19.2', '+2.953s', 32, 'GPDC_PR1'),
(12, 9, '01:17.3', '+1.273s', 17, 'GPDC_PR2'),
(11, 9, '01:17.6', '+1.918s', 21, 'GPDC_PR3'),
(18, 9, '0.000940035', '+2.469s', 25, 'GPDM_PR1'),
(20, 9, '', '', 0, 'GPDM_PR2'),
(18, 9, '0.000917465', '+3.126s', 37, 'GPDM_PR3'),
(9, 9, '01:53.8', '+4.386s', 12, 'JGP_PR1'),
(13, 9, '01:51.9', '+3.657s', 12, 'JGP_PR2'),
(13, 9, '01:36.2', '+2.204s', 19, 'JGP_PR3'),
(10, 9, '01:42.1', '+1.940s', 16, 'PMGP_PR1'),
(9, 9, '01:41.3', '+1.471s', 30, 'PMGP_PR2'),
(10, 9, '01:41.2', '+1.510s', 19, 'PMGP_PR3'),
(17, 9, '', '', 0, 'RAGP_PR1'),
(15, 9, '01:32.3', '+4.606s', 14, 'RAGP_PR2'),
(12, 9, '01:30.6', '+2.746s', 21, 'RAGP_PR3'),
(19, 9, '01:54.3', '+9.917s', 12, 'RGP_PR1'),
(10, 9, '', '', 3, 'RGP_PR2'),
(14, 9, '01:42.4', '+3.889s', 14, 'RGP_PR3'),
(16, 9, '01:50.9', '+2.888s', 21, 'SAGP_PR1'),
(13, 9, '01:47.8', '+1.653s', 33, 'SAGP_PR2'),
(10, 9, '01:47.6', '+1.886s', 20, 'SAGP_PR3'),
(15, 9, '01:53.4', '+2.344s', 16, 'SBGP_PR1'),
(8, 9, '01:50.7', '+1.324s', 18, 'SBGP_PR2'),
(15, 9, '01:51.1', '+2.070s', 20, 'SBGP_PR3'),
(17, 9, '01:59.7', '+5.754s', 18, 'USGP_PR1'),
(15, 9, '', '', 0, 'USGP_PR2'),
(15, 9, '02:04.4', '+4.882s', 13, 'USGP_PR3'),
(12, 11, '01:36.9', '+2.615s', 26, 'BGP_PR1'),
(13, 11, '01:36.4', '+2.196s', 29, 'BGP_PR2'),
(13, 11, '01:35.1', '+2.204s', 22, 'BGP_PR3'),
(16, 11, '01:42.1', '+3.108s', 22, 'CGP_PR1'),
(18, 11, '01:40.9', '+3.649s', 24, 'CGP_PR2'),
(17, 11, '0.001154873', '+2.166s', 17, 'CGP_PR3'),
(11, 11, '01:38.8', '+0.966s', 15, 'GABGP_PR1'),
(17, 11, '01:37.1', '+2.415s', 33, 'GABGP_PR2'),
(15, 11, '0.001119525', '+2.128s', 14, 'GABGP_PR3'),
(13, 11, '01:18.5', '+2.291s', 28, 'GPDC_PR1'),
(14, 11, '01:17.4', '+1.379s', 20, 'GPDC_PR2'),
(5, 11, '01:17.0', '+1.333s', 16, 'GPDC_PR3'),
(14, 11, '01:20.6', '+1.869s', 35, 'GPDM_PR1'),
(11, 11, '0.000917824', '+2.108s', 13, 'GPDM_PR2'),
(11, 11, '0.000900833', '+1.689s', 30, 'GPDM_PR3'),
(15, 11, '', '', 3, 'JGP_PR1'),
(14, 11, '01:52.1', '+3.793s', 8, 'JGP_PR2'),
(17, 11, '01:36.4', '+2.435s', 21, 'JGP_PR3'),
(16, 11, '01:43.1', '+2.930s', 15, 'PMGP_PR1'),
(13, 11, '01:42.2', '+2.452s', 24, 'PMGP_PR2'),
(16, 11, '01:42.1', '+2.410s', 14, 'PMGP_PR3'),
(12, 11, '01:32.2', '+2.690s', 22, 'RAGP_PR1'),
(12, 11, '01:31.0', '+3.283s', 32, 'RAGP_PR2'),
(14, 11, '01:31.0', '+3.126s', 17, 'RAGP_PR3'),
(4, 11, '01:45.1', '+0.791s', 11, 'RGP_PR1'),
(12, 11, '', '', 3, 'RGP_PR2'),
(4, 11, '01:39.6', '+1.055s', 14, 'RGP_PR3'),
(12, 11, '01:50.1', '+2.130s', 23, 'SAGP_PR1'),
(6, 11, '01:46.7', '+0.517s', 30, 'SAGP_PR2'),
(16, 11, '01:48.0', '+2.320s', 15, 'SAGP_PR3'),
(9, 11, '01:52.4', '+1.341s', 20, 'SBGP_PR1'),
(11, 11, '01:51.0', '+1.586s', 21, 'SBGP_PR2'),
(5, 11, '01:49.9', '+0.882s', 15, 'SBGP_PR3'),
(12, 11, '01:57.1', '+3.150s', 4, 'USGP_PR1'),
(11, 11, '', '', 0, 'USGP_PR2'),
(11, 11, '02:02.7', '+3.143s', 12, 'USGP_PR3'),
(11, 12, '01:36.9', '+2.581s', 20, 'BGP_PR1'),
(16, 12, '01:36.8', '+2.667s', 23, 'BGP_PR2'),
(15, 12, '01:35.6', '+2.670s', 19, 'BGP_PR3'),
(5, 12, '01:41.0', '+1.979s', 18, 'CGP_PR1'),
(8, 12, '01:39.0', '+1.813s', 26, 'CGP_PR2'),
(14, 12, '0.001152674', '+1.976s', 19, 'CGP_PR3'),
(8, 12, '01:38.6', '+0.801s', 17, 'GABGP_PR1'),
(8, 12, '01:35.8', '+1.146s', 27, 'GABGP_PR2'),
(10, 12, '01:36.4', '+1.830s', 18, 'GABGP_PR3'),
(16, 12, '01:18.9', '+2.736s', 30, 'GPDC_PR1'),
(17, 12, '01:17.8', '+1.763s', 21, 'GPDC_PR2'),
(14, 12, '0.00090794', '+2.786s', 12, 'GPDC_PR3'),
(16, 12, '01:20.9', '+2.107s', 24, 'GPDM_PR1'),
(17, 12, '0.00092897', '+3.071s', 10, 'GPDM_PR2'),
(17, 12, '0.000911655', '+2.624s', 38, 'GPDM_PR3'),
(11, 12, '01:54.0', '+4.579s', 9, 'JGP_PR1'),
(9, 12, '01:51.0', '+2.691s', 10, 'JGP_PR2'),
(18, 12, '01:36.9', '+2.924s', 24, 'JGP_PR3'),
(12, 12, '01:42.0', '+2.198s', 30, 'PMGP_PR2'),
(17, 12, '01:42.1', '+2.427s', 18, 'PMGP_PR3'),
(18, 12, '', '', 0, 'RAGP_PR1'),
(11, 12, '01:30.8', '+3.058s', 33, 'RAGP_PR2'),
(10, 12, '01:29.9', '+2.067s', 24, 'RAGP_PR3'),
(13, 12, '01:46.7', '+2.392s', 13, 'RGP_PR1'),
(16, 12, '', '', 0, 'RGP_PR2'),
(10, 12, '01:41.2', '+2.668s', 14, 'RGP_PR3'),
(13, 12, '01:50.2', '+2.163s', 18, 'SAGP_PR1'),
(12, 12, '01:47.8', '+1.613s', 26, 'SAGP_PR2'),
(18, 12, '01:48.9', '+3.250s', 20, 'SAGP_PR3'),
(13, 12, '01:52.6', '+1.558s', 16, 'SBGP_PR1'),
(9, 12, '01:50.9', '+1.543s', 24, 'SBGP_PR2'),
(14, 12, '01:50.7', '+1.706s', 17, 'SBGP_PR3'),
(19, 12, '', '', 0, 'USGP_PR2'),
(19, 12, '02:06.8', '+7.275s', 10, 'USGP_PR3'),
(16, 13, '01:38.1', '+3.806s', 8, 'BGP_PR1'),
(11, 13, '01:36.2', '+2.009s', 32, 'BGP_PR2'),
(10, 13, '01:34.7', '+1.791s', 25, 'BGP_PR3'),
(11, 13, '01:41.3', '+2.302s', 23, 'CGP_PR1'),
(11, 13, '01:39.4', '+2.225s', 30, 'CGP_PR2'),
(16, 13, '0.001154699', '+2.151s', 16, 'CGP_PR3'),
(12, 13, '01:38.8', '+1.015s', 23, 'GABGP_PR1'),
(7, 13, '01:35.5', '+0.827s', 34, 'GABGP_PR2'),
(7, 13, '01:36.3', '+1.708s', 14, 'GABGP_PR3'),
(8, 13, '01:18.0', '+1.814s', 41, 'GPDC_PR1'),
(5, 13, '01:16.6', '+0.612s', 15, 'GPDC_PR2'),
(10, 13, '01:17.6', '+1.913s', 12, 'GPDC_PR3'),
(6, 13, '01:19.5', '+0.704s', 35, 'GPDM_PR1'),
(14, 13, '0.00092103', '+2.385s', 13, 'GPDM_PR2'),
(12, 13, '0.000902269', '+1.813s', 28, 'GPDM_PR3'),
(17, 13, '', '', 1, 'JGP_PR1'),
(10, 13, '01:51.6', '+3.280s', 7, 'JGP_PR2'),
(15, 13, '01:36.3', '+2.312s', 21, 'JGP_PR3'),
(12, 13, '01:42.6', '+2.443s', 19, 'PMGP_PR1'),
(11, 13, '01:41.9', '+2.087s', 15, 'PMGP_PR2'),
(12, 13, '01:41.6', '+1.902s', 18, 'PMGP_PR3'),
(9, 13, '01:31.5', '+1.894s', 22, 'RAGP_PR1'),
(8, 13, '01:30.1', '+2.407s', 11, 'RAGP_PR2'),
(8, 13, '01:29.9', '+1.997s', 15, 'RAGP_PR3'),
(15, 13, '01:48.0', '+3.651s', 9, 'RGP_PR1'),
(17, 13, '', '', 0, 'RGP_PR2'),
(8, 13, '01:40.8', '+2.206s', 13, 'RGP_PR3'),
(10, 13, '01:50.1', '+2.073s', 21, 'SAGP_PR1'),
(18, 13, '01:50.1', '+3.952s', 30, 'SAGP_PR2'),
(15, 13, '01:47.8', '+2.135s', 16, 'SAGP_PR3'),
(11, 13, '01:52.5', '+1.457s', 15, 'SBGP_PR1'),
(15, 13, '01:51.3', '+1.932s', 16, 'SBGP_PR2'),
(12, 13, '01:50.6', '+1.601s', 17, 'SBGP_PR3'),
(20, 13, '', '', 0, 'USGP_PR1'),
(13, 13, '', '', 0, 'USGP_PR2'),
(13, 13, '02:02.9', '+3.404s', 11, 'USGP_PR3'),
(17, 14, '01:38.2', '+3.948s', 12, 'BGP_PR1'),
(15, 14, '01:36.7', '+2.576s', 19, 'BGP_PR2'),
(18, 14, '01:36.1', '+3.184s', 6, 'BGP_PR3'),
(17, 14, '01:42.2', '+3.128s', 20, 'CGP_PR1'),
(12, 14, '01:39.7', '+2.524s', 27, 'CGP_PR2'),
(20, 14, '', '', 1, 'CGP_PR3'),
(7, 14, '01:38.6', '+0.771s', 18, 'GABGP_PR1'),
(12, 14, '01:36.2', '+1.544s', 22, 'GABGP_PR2'),
(16, 14, '0.001121516', '+2.300s', 11, 'GABGP_PR3'),
(9, 14, '01:18.1', '+1.916s', 34, 'GPDC_PR1'),
(15, 14, '01:17.6', '+1.639s', 21, 'GPDC_PR2'),
(18, 14, '0.000924468', '+4.214s', 3, 'GPDC_PR3'),
(11, 14, '01:19.8', '+1.041s', 28, 'GPDM_PR1'),
(8, 14, '0.000913264', '+1.714s', 18, 'GPDM_PR2'),
(14, 14, '0.000905058', '+2.054s', 26, 'GPDM_PR3'),
(16, 14, '', '', 5, 'JGP_PR1'),
(17, 14, '01:55.2', '+6.962s', 10, 'JGP_PR2'),
(16, 14, '01:36.4', '+2.365s', 18, 'JGP_PR3'),
(14, 14, '01:42.9', '+2.761s', 20, 'PMGP_PR1'),
(16, 14, '01:42.5', '+2.716s', 25, 'PMGP_PR2'),
(15, 14, '01:42.0', '+2.301s', 13, 'PMGP_PR3'),
(14, 14, '01:47.4', '+3.088s', 16, 'RGP_PR1'),
(5, 14, '02:01.1', '+0.619s', 12, 'RGP_PR2'),
(9, 14, '01:41.2', '+2.639s', 11, 'RGP_PR3'),
(11, 14, '01:50.1', '+2.128s', 21, 'SAGP_PR1'),
(8, 14, '01:47.0', '+0.817s', 26, 'SAGP_PR2'),
(7, 14, '01:47.2', '+1.555s', 14, 'SAGP_PR3'),
(16, 14, '01:53.5', '+2.420s', 15, 'SBGP_PR1'),
(18, 14, '01:52.6', '+3.185s', 14, 'SBGP_PR2'),
(20, 14, '', '', 1, 'SBGP_PR3'),
(9, 14, '01:56.8', '+2.850s', 18, 'USGP_PR1'),
(14, 14, '', '', 0, 'USGP_PR2'),
(14, 14, '02:03.4', '+3.858s', 9, 'USGP_PR3'),
(10, 19, '01:36.5', '+2.195s', 23, 'BGP_PR1'),
(10, 19, '01:36.1', '+1.992s', 33, 'BGP_PR2'),
(7, 19, '01:34.5', '+1.584s', 19, 'BGP_PR3'),
(10, 19, '01:41.3', '+2.271s', 17, 'CGP_PR1'),
(17, 19, '01:40.4', '+3.204s', 7, 'CGP_PR2'),
(11, 19, '01:39.4', '+1.795s', 17, 'CGP_PR3'),
(10, 19, '01:38.8', '+0.963s', 21, 'GABGP_PR1'),
(10, 19, '01:35.9', '+1.237s', 35, 'GABGP_PR2'),
(6, 19, '01:35.5', '+0.872s', 15, 'GABGP_PR3'),
(6, 19, '01:18.0', '+1.773s', 28, 'GPDC_PR1'),
(8, 19, '01:17.0', '+1.053s', 19, 'GPDC_PR2'),
(7, 19, '01:17.1', '+1.462s', 18, 'GPDC_PR3'),
(10, 19, '01:19.8', '+1.016s', 32, 'GPDM_PR1'),
(12, 19, '0.000920833', '+2.368s', 15, 'GPDM_PR2'),
(16, 19, '0.000905579', '+2.099s', 32, 'GPDM_PR3'),
(8, 19, '01:52.3', '+2.854s', 12, 'JGP_PR1'),
(16, 19, '01:52.8', '+4.488s', 6, 'JGP_PR2'),
(5, 19, '01:34.9', '+0.939s', 25, 'JGP_PR3'),
(11, 19, '01:42.1', '+1.979s', 23, 'PMGP_PR1'),
(6, 19, '01:40.6', '+0.770s', 27, 'PMGP_PR2'),
(5, 19, '01:40.4', '+0.701s', 14, 'PMGP_PR3'),
(7, 19, '01:31.2', '+1.631s', 19, 'RAGP_PR1'),
(17, 19, '', '', 0, 'RAGP_PR2'),
(5, 19, '01:29.0', '+1.121s', 18, 'RAGP_PR3'),
(12, 19, '01:46.3', '+1.978s', 12, 'RGP_PR1'),
(1, 19, '02:00.5', '', 6, 'RGP_PR2'),
(5, 19, '01:39.9', '+1.314s', 14, 'RGP_PR3'),
(17, 19, '01:51.0', '+3.040s', 18, 'SAGP_PR1'),
(11, 19, '01:47.7', '+1.542s', 28, 'SAGP_PR2'),
(14, 19, '01:47.7', '+2.051s', 21, 'SAGP_PR3'),
(14, 19, '01:52.7', '+1.571s', 22, 'SBGP_PR1'),
(16, 19, '01:51.6', '+2.203s', 26, 'SBGP_PR2'),
(10, 19, '01:50.4', '+1.463s', 15, 'SBGP_PR3'),
(11, 19, '01:57.1', '+3.092s', 13, 'USGP_PR1'),
(10, 19, '', '', 0, 'USGP_PR2'),
(10, 19, '02:02.2', '+2.682s', 13, 'USGP_PR3'),
(15, 20, '01:34.8', '+5.228s', 7, 'RAGP_PR1'),
(16, 20, '01:33.3', '+5.592s', 4, 'RAGP_PR2'),
(16, 20, '01:31.4', '+3.524s', 14, 'RAGP_PR3'),
(18, 22, '01:38.9', '+4.586s', 10, 'BGP_PR1'),
(17, 22, '01:37.2', '+3.041s', 16, 'BGP_PR2'),
(16, 22, '01:35.7', '+2.778s', 19, 'BGP_PR3'),
(13, 22, '01:41.8', '+2.812s', 19, 'CGP_PR1'),
(10, 22, '01:39.3', '+2.056s', 29, 'CGP_PR2'),
(15, 22, '0.001153866', '+2.079s', 16, 'CGP_PR3'),
(20, 22, '', '', 2, 'GABGP_PR1'),
(19, 22, '01:39.2', '+4.562s', 15, 'GABGP_PR2'),
(11, 22, '01:36.5', '+1.889s', 14, 'GABGP_PR3'),
(15, 22, '01:18.8', '+2.574s', 25, 'GPDC_PR1'),
(18, 22, '01:18.1', '+2.147s', 20, 'GPDC_PR2'),
(15, 22, '0.000908252', '+2.813s', 18, 'GPDC_PR3'),
(12, 22, '01:20.2', '+1.452s', 15, 'GPDM_PR1'),
(15, 22, '0.000921366', '+2.414s', 14, 'GPDM_PR2'),
(8, 22, '0.000900081', '+1.624s', 28, 'GPDM_PR3'),
(12, 22, '01:55.7', '+6.244s', 6, 'JGP_PR1'),
(12, 22, '01:51.9', '+3.584s', 9, 'JGP_PR2'),
(12, 22, '01:36.2', '+2.179s', 15, 'JGP_PR3'),
(17, 22, '01:43.1', '+2.976s', 19, 'PMGP_PR1'),
(17, 22, '01:42.6', '+2.847s', 24, 'PMGP_PR2'),
(18, 22, '01:42.3', '+2.629s', 13, 'PMGP_PR3'),
(14, 22, '01:34.5', '+4.985s', 6, 'RAGP_PR1'),
(13, 22, '01:31.4', '+3.690s', 21, 'RAGP_PR2'),
(17, 22, '01:31.7', '+3.799s', 13, 'RAGP_PR3'),
(11, 22, '01:46.2', '+1.876s', 12, 'RGP_PR1'),
(8, 22, '02:02.8', '+2.387s', 8, 'RGP_PR2'),
(7, 22, '01:40.6', '+2.020s', 12, 'RGP_PR3'),
(15, 22, '01:50.5', '+2.460s', 21, 'SAGP_PR1'),
(14, 22, '01:47.9', '+1.746s', 28, 'SAGP_PR2'),
(13, 22, '01:47.7', '+2.033s', 14, 'SAGP_PR3'),
(18, 22, '01:54.2', '+3.143s', 14, 'SBGP_PR1'),
(17, 22, '01:51.9', '+2.469s', 16, 'SBGP_PR2'),
(17, 22, '01:52.0', '+2.997s', 12, 'SBGP_PR3'),
(13, 22, '01:57.5', '+3.506s', 20, 'USGP_PR1'),
(16, 22, '', '', 0, 'USGP_PR2'),
(16, 22, '02:05.3', '+5.766s', 7, 'USGP_PR3'),
(8, 26, '01:35.9', '+1.602s', 22, 'BGP_PR1'),
(5, 26, '01:35.0', '+0.854s', 25, 'BGP_PR2'),
(9, 26, '01:34.5', '+1.628s', 16, 'BGP_PR3'),
(7, 26, '01:41.1', '+2.064s', 24, 'CGP_PR1'),
(6, 26, '01:38.7', '+1.518s', 10, 'CGP_PR2'),
(6, 26, '01:39.1', '+1.491s', 14, 'CGP_PR3'),
(9, 26, '01:38.7', '+0.834s', 17, 'GABGP_PR1'),
(9, 26, '01:35.9', '+1.236s', 23, 'GABGP_PR2'),
(12, 26, '01:36.5', '+1.949s', 7, 'GABGP_PR3'),
(7, 26, '01:18.0', '+1.809s', 30, 'GPDC_PR1'),
(9, 26, '01:17.1', '+1.104s', 10, 'GPDC_PR2'),
(6, 26, '01:17.0', '+1.361s', 19, 'GPDC_PR3'),
(7, 26, '01:19.5', '+0.770s', 33, 'GPDM_PR1'),
(5, 26, '0.00090912', '+1.356s', 16, 'GPDM_PR2'),
(7, 26, '0.000896655', '+1.328s', 28, 'GPDM_PR3'),
(2, 26, '01:49.9', '+0.504s', 7, 'JGP_PR1'),
(1, 26, '01:48.3', '', 6, 'JGP_PR2'),
(14, 26, '01:36.3', '+2.299s', 23, 'JGP_PR3'),
(9, 26, '01:42.1', '+1.931s', 18, 'PMGP_PR1'),
(4, 26, '01:40.3', '+0.556s', 17, 'PMGP_PR2'),
(13, 26, '01:41.8', '+2.086s', 14, 'PMGP_PR3'),
(11, 26, '01:32.1', '+2.516s', 18, 'RAGP_PR1'),
(6, 26, '01:30.0', '+2.319s', 27, 'RAGP_PR2'),
(18, 26, '01:32.8', '+4.963s', 6, 'RAGP_PR3'),
(16, 26, '01:48.1', '+3.741s', 9, 'RGP_PR1'),
(6, 26, '02:01.4', '+0.960s', 6, 'RGP_PR2'),
(11, 26, '01:41.4', '+2.797s', 15, 'RGP_PR3'),
(18, 26, '01:51.2', '+3.193s', 8, 'SAGP_PR1'),
(1, 26, '01:46.1', '', 34, 'SAGP_PR2'),
(3, 26, '01:46.2', '+0.485s', 19, 'SAGP_PR3'),
(6, 26, '01:52.0', '+0.878s', 18, 'SBGP_PR1'),
(4, 26, '01:50.4', '+1.014s', 18, 'SBGP_PR2'),
(7, 26, '01:50.0', '+0.996s', 19, 'SBGP_PR3'),
(2, 26, '01:55.2', '+1.235s', 6, 'USGP_PR1'),
(6, 26, '', '', 0, 'USGP_PR2'),
(6, 26, '02:00.7', '+1.177s', 12, 'USGP_PR3'),
(9, 27, '01:36.2', '+1.883s', 28, 'BGP_PR1'),
(8, 27, '01:35.4', '+1.232s', 34, 'BGP_PR2'),
(11, 27, '01:34.9', '+1.969s', 21, 'BGP_PR3'),
(18, 27, '01:42.2', '+3.151s', 19, 'CGP_PR1'),
(16, 27, '01:40.2', '+2.932s', 28, 'CGP_PR2'),
(12, 27, '01:39.5', '+1.898s', 14, 'CGP_PR3'),
(13, 27, '01:39.2', '+1.360s', 20, 'GABGP_PR1'),
(15, 27, '01:36.8', '+2.158s', 30, 'GABGP_PR2'),
(9, 27, '01:36.4', '+1.822s', 13, 'GABGP_PR3'),
(4, 27, '01:17.9', '+1.659s', 34, 'GPDC_PR1'),
(11, 27, '01:17.1', '+1.132s', 15, 'GPDC_PR2'),
(12, 27, '01:17.9', '+2.216s', 14, 'GPDC_PR3'),
(15, 27, '01:20.8', '+2.034s', 34, 'GPDM_PR1'),
(9, 27, '0.0009161', '+1.959s', 13, 'GPDM_PR2'),
(13, 27, '0.000903958', '+1.959s', 32, 'GPDM_PR3'),
(14, 27, '', '', 4, 'JGP_PR1'),
(11, 27, '01:51.7', '+3.397s', 11, 'JGP_PR2'),
(11, 27, '01:36.1', '+2.115s', 19, 'JGP_PR3'),
(15, 27, '01:42.9', '+2.769s', 13, 'PMGP_PR1'),
(15, 27, '01:42.3', '+2.540s', 28, 'PMGP_PR2'),
(14, 27, '01:41.8', '+2.114s', 15, 'PMGP_PR3'),
(13, 27, '01:32.3', '+2.704s', 19, 'RAGP_PR1'),
(10, 27, '01:30.5', '+2.776s', 30, 'RAGP_PR2'),
(13, 27, '01:30.7', '+2.874s', 14, 'RAGP_PR3'),
(1, 27, '01:44.4', '', 11, 'RGP_PR1'),
(13, 27, '', '', 3, 'RGP_PR2'),
(6, 27, '01:39.9', '+1.356s', 14, 'RGP_PR3'),
(8, 27, '01:49.9', '+1.859s', 21, 'SAGP_PR1'),
(9, 27, '01:47.3', '+1.152s', 35, 'SAGP_PR2'),
(12, 27, '01:47.6', '+1.958s', 16, 'SAGP_PR3'),
(12, 27, '01:52.6', '+1.532s', 20, 'SBGP_PR1'),
(6, 27, '01:50.5', '+1.076s', 21, 'SBGP_PR2'),
(8, 27, '01:50.0', '+1.016s', 15, 'SBGP_PR3'),
(14, 27, '01:57.5', '+3.529s', 4, 'USGP_PR1'),
(3, 27, '', '', 0, 'USGP_PR2'),
(3, 27, '02:00.5', '+0.979s', 12, 'USGP_PR3'),
(19, 28, '01:39.0', '+4.707s', 23, 'BGP_PR1'),
(19, 28, '01:38.3', '+4.124s', 21, 'BGP_PR2'),
(19, 28, '01:38.0', '+5.072s', 19, 'BGP_PR3'),
(19, 28, '01:45.4', '+6.346s', 18, 'CGP_PR1'),
(20, 28, '01:44.6', '+7.345s', 8, 'CGP_PR2'),
(18, 28, '0.001191296', '+5.313s', 15, 'CGP_PR3'),
(18, 28, '01:43.0', '+5.146s', 12, 'GABGP_PR1'),
(18, 28, '01:39.1', '+4.484s', 21, 'GABGP_PR2'),
(19, 28, '0.001154456', '+5.146s', 12, 'GABGP_PR3'),
(20, 28, '01:20.6', '+4.412s', 27, 'GPDC_PR1'),
(20, 28, '01:19.7', '+3.746s', 13, 'GPDC_PR2'),
(17, 28, '0.000923866', '+4.162s', 16, 'GPDC_PR3'),
(19, 28, '0.000963356', '+4.484s', 28, 'GPDM_PR1'),
(19, 28, '0.000959988', '+5.751s', 13, 'GPDM_PR2'),
(19, 28, '0.000938576', '+4.950s', 31, 'GPDM_PR3'),
(19, 28, '', '', 3, 'JGP_PR1'),
(18, 28, '01:58.1', '+9.782s', 6, 'JGP_PR2'),
(19, 28, '01:39.7', '+5.658s', 24, 'JGP_PR3'),
(18, 28, '01:46.7', '+6.562s', 8, 'PMGP_PR1'),
(19, 28, '01:45.7', '+5.914s', 12, 'PMGP_PR2'),
(20, 28, '01:47.1', '+7.369s', 6, 'PMGP_PR3'),
(20, 28, '01:58.3', '+13.899s', 6, 'RGP_PR1'),
(18, 28, '', '', 0, 'RGP_PR2'),
(20, 28, '01:47.2', '+8.688s', 18, 'RGP_PR3'),
(19, 28, '01:53.9', '+5.908s', 20, 'SAGP_PR1'),
(20, 28, '01:59.9', '+13.790s', 3, 'SAGP_PR2'),
(20, 28, '01:55.3', '+9.611s', 22, 'SAGP_PR3'),
(19, 28, '01:55.5', '+4.419s', 16, 'SBGP_PR1'),
(19, 28, '01:54.1', '+4.680s', 17, 'SBGP_PR2'),
(18, 28, '01:54.3', '+5.278s', 16, 'SBGP_PR3'),
(19, 28, '02:01.9', '+7.918s', 13, 'USGP_PR1'),
(17, 28, '', '', 0, 'USGP_PR2'),
(17, 28, '02:05.4', '+5.861s', 10, 'USGP_PR3'),
(14, 30, '01:37.3', '+2.988s', 26, 'BGP_PR1'),
(15, 30, '01:42.0', '+2.934s', 25, 'CGP_PR1'),
(14, 30, '01:39.3', '+1.456s', 31, 'GABGP_PR1'),
(18, 30, '', '', 1, 'JGP_PR1'),
(17, 30, '01:49.1', '+4.739s', 9, 'RGP_PR1'),
(19, 30, '', '', 0, 'RGP_PR2'),
(17, 30, '01:53.8', '+2.717s', 23, 'SBGP_PR1'),
(3, 33, '01:35.5', '+1.256s', 18, 'BGP_PR1'),
(7, 33, '01:35.3', '+1.145s', 36, 'BGP_PR2'),
(5, 33, '01:34.1', '+1.230s', 20, 'BGP_PR3'),
(12, 33, '01:41.6', '+2.542s', 28, 'CGP_PR1'),
(14, 33, '01:39.9', '+2.675s', 32, 'CGP_PR2'),
(9, 33, '01:39.3', '+1.659s', 19, 'CGP_PR3'),
(6, 33, '01:38.5', '+0.677s', 22, 'GABGP_PR1'),
(16, 33, '01:36.9', '+2.270s', 26, 'GABGP_PR2'),
(14, 33, '0.001119028', '+2.085s', 11, 'GABGP_PR3'),
(10, 33, '01:18.3', '+2.045s', 24, 'GPDC_PR1'),
(16, 33, '01:17.7', '+1.669s', 23, 'GPDC_PR2'),
(16, 33, '0.000908472', '+2.832s', 18, 'GPDC_PR3'),
(2, 33, '01:18.9', '+0.149s', 42, 'GPDM_PR1'),
(7, 33, '0.000911829', '+1.590s', 12, 'GPDM_PR2'),
(9, 33, '0.000900324', '+1.645s', 23, 'GPDM_PR3'),
(6, 33, '01:50.9', '+1.506s', 10, 'JGP_PR1'),
(8, 33, '01:50.5', '+2.265s', 5, 'JGP_PR2'),
(7, 33, '01:35.2', '+1.165s', 26, 'JGP_PR3'),
(7, 33, '01:41.8', '+1.679s', 23, 'PMGP_PR1'),
(8, 33, '01:41.2', '+1.430s', 30, 'PMGP_PR2'),
(9, 33, '01:41.0', '+1.299s', 18, 'PMGP_PR3'),
(6, 33, '01:31.1', '+1.510s', 31, 'RAGP_PR1'),
(14, 33, '01:31.4', '+3.698s', 6, 'RAGP_PR2'),
(11, 33, '01:30.0', '+2.085s', 16, 'RAGP_PR3'),
(9, 33, '01:46.2', '+1.848s', 13, 'RGP_PR1'),
(4, 33, '02:00.8', '+0.348s', 7, 'RGP_PR2'),
(17, 33, '01:43.1', '+4.528s', 16, 'RGP_PR3'),
(7, 33, '01:49.5', '+1.471s', 17, 'SAGP_PR1'),
(10, 33, '01:47.4', '+1.285s', 32, 'SAGP_PR2'),
(9, 33, '01:47.5', '+1.782s', 17, 'SAGP_PR3'),
(7, 33, '01:52.2', '+1.076s', 27, 'SBGP_PR1'),
(13, 33, '01:51.1', '+1.732s', 25, 'SBGP_PR2'),
(13, 33, '01:50.6', '+1.615s', 21, 'SBGP_PR3'),
(7, 33, '01:56.0', '+1.980s', 7, 'USGP_PR1'),
(20, 33, '', '', 0, 'USGP_PR2'),
(20, 33, '02:10.0', '+10.477s', 7, 'USGP_PR3'),
(15, 36, '01:37.4', '+3.098s', 17, 'BGP_PR1'),
(13, 36, '01:42.6', '+2.497s', 13, 'PMGP_PR1'),
(16, 36, '01:59.4', '+5.442s', 19, 'USGP_PR1'),
(13, 41, '01:37.2', '+2.968s', 19, 'BGP_PR1'),
(2, 44, '01:34.3', '+0.070s', 26, 'BGP_PR1'),
(4, 44, '01:34.6', '+0.466s', 23, 'BGP_PR2'),
(1, 44, '01:32.9', '', 18, 'BGP_PR3'),
(1, 44, '01:39.0', '', 21, 'CGP_PR1'),
(1, 44, '01:37.2', '', 32, 'CGP_PR2'),
(1, 44, '01:37.6', '', 14, 'CGP_PR3'),
(16, 44, '01:39.5', '+1.705s', 22, 'GABGP_PR1'),
(2, 44, '01:34.8', '+0.115s', 33, 'GABGP_PR2'),
(1, 44, '01:34.6', '', 13, 'GABGP_PR3'),
(1, 44, '01:16.2', '', 34, 'GPDC_PR1'),
(1, 44, '01:16.0', '', 22, 'GPDC_PR2'),
(20, 44, '0.000943194', '+5.832s', 9, 'GPDC_PR3'),
(1, 44, '01:18.7', '', 49, 'GPDM_PR1'),
(1, 44, '0.000893426', '', 12, 'GPDM_PR2'),
(3, 44, '0.000887789', '+0.562s', 31, 'GPDM_PR3'),
(5, 44, '01:50.7', '+1.288s', 6, 'JGP_PR1'),
(3, 44, '01:48.9', '+0.576s', 8, 'JGP_PR2'),
(2, 44, '01:34.3', '+0.297s', 20, 'JGP_PR3'),
(20, 44, '', '', 4, 'PMGP_PR1'),
(1, 44, '01:39.8', '', 16, 'PMGP_PR2'),
(2, 44, '01:39.9', '+0.184s', 10, 'PMGP_PR3'),
(2, 44, '01:29.6', '+0.029s', 19, 'RAGP_PR1'),
(2, 44, '01:27.8', '+0.100s', 25, 'RAGP_PR2'),
(1, 44, '01:27.9', '', 11, 'RAGP_PR3'),
(7, 44, '01:45.7', '+1.336s', 10, 'RGP_PR1'),
(11, 44, '', '', 3, 'RGP_PR2'),
(3, 44, '01:39.4', '+0.802s', 13, 'RGP_PR3'),
(2, 44, '01:48.3', '+0.319s', 24, 'SAGP_PR1'),
(4, 44, '01:46.5', '+0.337s', 33, 'SAGP_PR2'),
(5, 44, '01:46.8', '+1.120s', 15, 'SAGP_PR3'),
(2, 44, '01:51.3', '+0.242s', 24, 'SBGP_PR1'),
(2, 44, '01:49.7', '+0.302s', 23, 'SBGP_PR2'),
(1, 44, '01:49.0', '', 15, 'SBGP_PR3'),
(5, 44, '01:55.7', '+1.704s', 4, 'USGP_PR1'),
(1, 44, '', '', 0, 'USGP_PR2'),
(1, 44, '01:59.5', '', 9, 'USGP_PR3'),
(20, 53, '', '', 4, 'JGP_PR1'),
(19, 53, '01:59.4', '+11.142s', 7, 'JGP_PR2'),
(20, 53, '01:39.8', '+5.824s', 22, 'JGP_PR3'),
(19, 53, '', '', 0, 'RAGP_PR1'),
(19, 53, '', '', 0, 'RAGP_PR2'),
(19, 53, '', '', 0, 'RAGP_PR3'),
(20, 53, '01:53.9', '+5.923s', 18, 'SAGP_PR1'),
(19, 53, '01:56.7', '+10.597s', 9, 'SAGP_PR2'),
(19, 53, '01:52.6', '+6.906s', 26, 'SAGP_PR3'),
(18, 53, '02:01.2', '+7.165s', 11, 'USGP_PR1'),
(18, 53, '', '', 0, 'USGP_PR2'),
(18, 53, '02:05.6', '+6.090s', 10, 'USGP_PR3'),
(5, 55, '01:35.7', '+1.395s', 33, 'BGP_PR1'),
(9, 55, '01:35.9', '+1.711s', 37, 'BGP_PR2'),
(6, 55, '01:34.3', '+1.365s', 23, 'BGP_PR3'),
(8, 55, '01:41.1', '+2.079s', 23, 'CGP_PR1'),
(15, 55, '01:40.0', '+2.752s', 28, 'CGP_PR2'),
(7, 55, '01:39.1', '+1.498s', 17, 'CGP_PR3'),
(4, 55, '01:38.4', '+0.620s', 14, 'GABGP_PR1'),
(14, 55, '01:36.5', '+1.824s', 32, 'GABGP_PR2'),
(17, 55, '0.001122442', '+2.380s', 14, 'GABGP_PR3'),
(17, 55, '01:19.1', '+2.853s', 23, 'GPDC_PR1'),
(13, 55, '01:17.3', '+1.330s', 23, 'GPDC_PR2'),
(9, 55, '01:17.4', '+1.736s', 25, 'GPDC_PR3'),
(5, 55, '01:19.2', '+0.495s', 40, 'GPDM_PR1'),
(6, 55, '0.000910405', '+1.467s', 14, 'GPDM_PR2'),
(5, 55, '0.000894167', '+1.113s', 39, 'GPDM_PR3'),
(1, 55, '01:49.4', '', 10, 'JGP_PR1'),
(7, 55, '01:50.4', '+2.141s', 6, 'JGP_PR2'),
(10, 55, '01:36.0', '+1.968s', 29, 'JGP_PR3'),
(5, 55, '01:41.6', '+1.472s', 26, 'PMGP_PR1'),
(14, 55, '01:42.3', '+2.501s', 31, 'PMGP_PR2'),
(8, 55, '01:40.6', '+0.911s', 19, 'PMGP_PR3'),
(4, 55, '01:31.0', '+1.457s', 32, 'RAGP_PR1'),
(7, 55, '01:30.1', '+2.374s', 41, 'RAGP_PR2'),
(9, 55, '01:29.9', '+2.002s', 19, 'RAGP_PR3'),
(6, 55, '01:45.5', '+1.133s', 13, 'RGP_PR1'),
(7, 55, '02:02.8', '+2.347s', 7, 'RGP_PR2'),
(15, 55, '01:42.7', '+4.122s', 19, 'RGP_PR3'),
(9, 55, '01:50.0', '+2.024s', 28, 'SAGP_PR1'),
(15, 55, '01:48.0', '+1.870s', 23, 'SAGP_PR2'),
(8, 55, '01:47.3', '+1.619s', 18, 'SAGP_PR3'),
(8, 55, '01:52.4', '+1.339s', 26, 'SBGP_PR1'),
(12, 55, '01:51.0', '+1.652s', 24, 'SBGP_PR2'),
(11, 55, '01:50.6', '+1.568s', 20, 'SBGP_PR3'),
(4, 55, '01:55.7', '+1.678s', 8, 'USGP_PR1'),
(5, 55, '', '', 0, 'USGP_PR2'),
(5, 55, '02:00.7', '+1.170s', 11, 'USGP_PR3'),
(12, 77, '01:36.2', '+2.028s', 33, 'BGP_PR2'),
(8, 77, '01:34.5', '+1.621s', 19, 'BGP_PR3'),
(9, 77, '01:41.3', '+2.270s', 23, 'CGP_PR1'),
(7, 77, '01:38.9', '+1.631s', 27, 'CGP_PR2'),
(8, 77, '01:39.2', '+1.628s', 15, 'CGP_PR3'),
(3, 77, '01:38.4', '+0.563s', 23, 'GABGP_PR1'),
(5, 77, '01:35.3', '+0.633s', 36, 'GABGP_PR2'),
(5, 77, '01:35.4', '+0.794s', 18, 'GABGP_PR3'),
(11, 77, '01:18.3', '+2.113s', 40, 'GPDC_PR1'),
(6, 77, '01:16.8', '+0.861s', 18, 'GPDC_PR2'),
(4, 77, '01:16.9', '+1.254s', 17, 'GPDC_PR3'),
(17, 77, '01:20.9', '+2.167s', 36, 'GPDM_PR1'),
(13, 77, '0.000920903', '+2.374s', 14, 'GPDM_PR2'),
(15, 77, '0.000905231', '+2.069s', 29, 'GPDM_PR3'),
(10, 77, '01:54.0', '+4.530s', 14, 'JGP_PR1'),
(20, 77, '01:59.4', '+11.142s', 7, 'JGP_PR2'),
(4, 77, '01:34.8', '+0.802s', 27, 'JGP_PR3'),
(8, 77, '01:41.9', '+1.758s', 23, 'PMGP_PR1'),
(5, 77, '01:40.5', '+0.660s', 31, 'PMGP_PR2'),
(6, 77, '01:40.4', '+0.716s', 15, 'PMGP_PR3'),
(3, 77, '01:30.7', '+1.191s', 20, 'RAGP_PR1'),
(5, 77, '01:29.3', '+1.568s', 32, 'RAGP_PR2'),
(4, 77, '01:28.9', '+1.045s', 14, 'RAGP_PR3'),
(8, 77, '01:45.7', '+1.391s', 13, 'RGP_PR1'),
(3, 77, '02:00.7', '+0.230s', 8, 'RGP_PR2'),
(2, 77, '01:39.3', '+0.726s', 17, 'RGP_PR3'),
(6, 77, '01:49.4', '+1.385s', 19, 'SAGP_PR1'),
(17, 77, '01:48.1', '+1.976s', 28, 'SAGP_PR2'),
(11, 77, '01:47.6', '+1.905s', 20, 'SAGP_PR3'),
(10, 77, '01:52.5', '+1.429s', 19, 'SBGP_PR1'),
(14, 77, '01:51.3', '+1.865s', 25, 'SBGP_PR2'),
(9, 77, '01:50.2', '+1.195s', 15, 'SBGP_PR3'),
(10, 77, '01:56.9', '+2.877s', 15, 'USGP_PR1'),
(4, 77, '', '', 0, 'USGP_PR2'),
(4, 77, '02:00.5', '+1.006s', 14, 'USGP_PR3'),
(20, 98, '01:40.5', '+6.203s', 23, 'BGP_PR1'),
(20, 98, '01:39.9', '+5.723s', 21, 'BGP_PR2'),
(20, 98, '01:38.3', '+5.368s', 18, 'BGP_PR3'),
(20, 98, '01:46.4', '+7.410s', 20, 'CGP_PR1'),
(19, 98, '01:43.0', '+5.754s', 27, 'CGP_PR2'),
(19, 98, '0.001214769', '+7.341s', 9, 'CGP_PR3'),
(19, 98, '01:44.3', '+6.438s', 15, 'GABGP_PR1'),
(20, 98, '01:40.6', '+5.945s', 26, 'GABGP_PR2'),
(20, 98, '0.001163669', '+5.942s', 14, 'GABGP_PR3'),
(19, 98, '01:20.6', '+4.404s', 33, 'GPDC_PR1'),
(19, 98, '01:19.5', '+3.543s', 15, 'GPDC_PR2'),
(19, 98, '0.0009286', '+4.571s', 16, 'GPDC_PR3'),
(20, 98, '0.000965324', '+4.654s', 31, 'GPDM_PR1'),
(18, 98, '0.000949271', '+4.825s', 9, 'GPDM_PR2'),
(20, 98, '0.000951678', '+6.082s', 30, 'GPDM_PR3'),
(19, 98, '01:47.7', '+7.559s', 8, 'PMGP_PR1'),
(20, 98, '01:47.2', '+7.439s', 6, 'PMGP_PR2'),
(19, 98, '01:46.6', '+6.957s', 9, 'PMGP_PR3'),
(20, 98, '', '', 0, 'RAGP_PR1'),
(20, 98, '', '', 0, 'RAGP_PR2'),
(20, 98, '', '', 0, 'RAGP_PR3'),
(18, 98, '01:53.0', '+8.639s', 12, 'RGP_PR1'),
(20, 98, '', '', 0, 'RGP_PR2'),
(19, 98, '01:46.8', '+8.206s', 19, 'RGP_PR3'),
(20, 98, '01:56.1', '+5.004s', 17, 'SBGP_PR1'),
(20, 98, '01:54.3', '+4.868s', 14, 'SBGP_PR2'),
(19, 98, '01:54.3', '+5.297s', 9, 'SBGP_PR3');

-- --------------------------------------------------------

--
-- Table structure for table `races`
--

CREATE TABLE IF NOT EXISTS `races` (
  `position` int(11) DEFAULT NULL,
  `driver_id` int(11) NOT NULL,
  `driver_name` varchar(20) DEFAULT NULL,
  `Race_ID` varchar(20) NOT NULL
) ENGINE=InnoDB DEFAULT CHARSET=utf8;

--
-- Dumping data for table `races`
--

INSERT INTO `races` (`position`, `driver_id`, `driver_name`, `Race_ID`) VALUES
(1, 44, 'LEWIS HAMILTON', 'RAGP_R'),
(2, 6, 'NICO ROSBERG', 'RAGP_R'),
(3, 5, 'SEBASTIAN VETTEL', 'RAGP_R'),
(4, 19, 'FELIPE MASSA', 'RAGP_R'),
(5, 12, 'FELIPE NASR', 'RAGP_R'),
(6, 3, 'DANIEL RICCIARDO', 'RAGP_R'),
(7, 27, 'NICO HULKENBERG', 'RAGP_R'),
(8, 9, 'MARCUS ERICSSON', 'RAGP_R'),
(9, 55, 'CARLOS SAINZ', 'RAGP_R'),
(10, 11, 'SERGIO PEREZ', 'RAGP_R'),
(11, 22, 'JENSON BUTTON', 'RAGP_R'),
(12, 7, 'KIMI R?IKK?NEN', 'RAGP_R'),
(13, 33, 'MAX VERSTAPPEN', 'RAGP_R'),
(14, 8, 'ROMAIN GROSJEAN', 'RAGP_R'),
(15, 13, 'PASTOR MALDONADO', 'RAGP_R'),
(16, 26, 'DANIIL KVYAT', 'RAGP_R'),
(17, 20, 'KEVIN MAGNUSSEN', 'RAGP_R'),
(1, 5, 'SEBASTIAN VETTEL', 'PMGP_R'),
(2, 44, 'LEWIS HAMILTON', 'PMGP_R'),
(3, 6, 'NICO ROSBERG', 'PMGP_R'),
(4, 7, 'KIMI R?IKK?NEN', 'PMGP_R'),
(5, 77, 'VALTTERI BOTTAS', 'PMGP_R'),
(6, 19, 'FELIPE MASSA', 'PMGP_R'),
(7, 33, 'MAX VERSTAPPEN', 'PMGP_R'),
(8, 55, 'CARLOS SAINZ', 'PMGP_R'),
(9, 26, 'DANIIL KVYAT', 'PMGP_R'),
(10, 3, 'DANIEL RICCIARDO', 'PMGP_R'),
(11, 8, 'ROMAIN GROSJEAN', 'PMGP_R'),
(12, 12, 'FELIPE NASR', 'PMGP_R'),
(13, 11, 'SERGIO PEREZ', 'PMGP_R'),
(14, 27, 'NICO HULKENBERG', 'PMGP_R'),
(15, 98, 'ROBERTO MERHI', 'PMGP_R'),
(16, 13, 'PASTOR MALDONADO', 'PMGP_R'),
(17, 22, 'JENSON BUTTON', 'PMGP_R'),
(18, 14, 'FERNANDO ALONSO', 'PMGP_R'),
(19, 9, 'MARCUS ERICSSON', 'PMGP_R'),
(1, 44, 'LEWIS HAMILTON', 'CGP_R'),
(2, 6, 'NICO ROSBERG', 'CGP_R'),
(3, 5, 'SEBASTIAN VETTEL', 'CGP_R'),
(4, 7, 'KIMI R?IKK?NEN', 'CGP_R'),
(5, 19, 'FELIPE MASSA', 'CGP_R'),
(6, 77, 'VALTTERI BOTTAS', 'CGP_R'),
(7, 8, 'ROMAIN GROSJEAN', 'CGP_R'),
(8, 12, 'FELIPE NASR', 'CGP_R'),
(9, 3, 'DANIEL RICCIARDO', 'CGP_R'),
(10, 9, 'MARCUS ERICSSON', 'CGP_R'),
(11, 11, 'SERGIO PEREZ', 'CGP_R'),
(12, 14, 'FERNANDO ALONSO', 'CGP_R'),
(13, 55, 'CARLOS SAINZ', 'CGP_R'),
(14, 22, 'JENSON BUTTON', 'CGP_R'),
(15, 28, 'WILL STEVENS', 'CGP_R'),
(16, 98, 'ROBERTO MERHI', 'CGP_R'),
(17, 33, 'MAX VERSTAPPEN', 'CGP_R'),
(18, 13, 'PASTOR MALDONADO', 'CGP_R'),
(19, 26, 'DANIIL KVYAT', 'CGP_R'),
(20, 27, 'NICO HULKENBERG', 'CGP_R'),
(1, 44, 'LEWIS HAMILTON', 'GABGP_R'),
(2, 7, 'KIMI R?IKK?NEN', 'GABGP_R'),
(3, 6, 'NICO ROSBERG', 'GABGP_R'),
(4, 77, 'VALTTERI BOTTAS', 'GABGP_R'),
(5, 5, 'SEBASTIAN VETTEL', 'GABGP_R'),
(6, 3, 'DANIEL RICCIARDO', 'GABGP_R'),
(7, 8, 'ROMAIN GROSJEAN', 'GABGP_R'),
(8, 11, 'SERGIO PEREZ', 'GABGP_R'),
(9, 26, 'DANIIL KVYAT', 'GABGP_R'),
(10, 19, 'FELIPE MASSA', 'GABGP_R'),
(11, 14, 'FERNANDO ALONSO', 'GABGP_R'),
(12, 12, 'FELIPE NASR', 'GABGP_R'),
(13, 27, 'NICO HULKENBERG', 'GABGP_R'),
(14, 9, 'MARCUS ERICSSON', 'GABGP_R'),
(15, 13, 'PASTOR MALDONADO', 'GABGP_R'),
(16, 28, 'WILL STEVENS', 'GABGP_R'),
(17, 98, 'ROBERTO MERHI', 'GABGP_R'),
(18, 33, 'MAX VERSTAPPEN', 'GABGP_R'),
(19, 55, 'CARLOS SAINZ', 'GABGP_R'),
(20, 22, 'JENSON BUTTON', 'GABGP_R'),
(1, 6, 'NICO ROSBERG', 'GPDM_R'),
(2, 5, 'SEBASTIAN VETTEL', 'GPDM_R'),
(3, 44, 'LEWIS HAMILTON', 'GPDM_R'),
(4, 26, 'DANIIL KVYAT', 'GPDM_R'),
(5, 3, 'DANIEL RICCIARDO', 'GPDM_R'),
(6, 7, 'KIMI R?IKK?NEN', 'GPDM_R'),
(7, 11, 'SERGIO PEREZ', 'GPDM_R'),
(8, 22, 'JENSON BUTTON', 'GPDM_R'),
(9, 12, 'FELIPE NASR', 'GPDM_R'),
(10, 55, 'CARLOS SAINZ', 'GPDM_R'),
(11, 27, 'NICO HULKENBERG', 'GPDM_R'),
(12, 8, 'ROMAIN GROSJEAN', 'GPDM_R'),
(13, 9, 'MARCUS ERICSSON', 'GPDM_R'),
(14, 77, 'VALTTERI BOTTAS', 'GPDM_R'),
(15, 19, 'FELIPE MASSA', 'GPDM_R'),
(16, 98, 'ROBERTO MERHI', 'GPDM_R'),
(17, 28, 'WILL STEVENS', 'GPDM_R'),
(18, 33, 'MAX VERSTAPPEN', 'GPDM_R'),
(19, 14, 'FERNANDO ALONSO', 'GPDM_R'),
(20, 13, 'PASTOR MALDONADO', 'GPDM_R'),
(1, 44, 'LEWIS HAMILTON', 'BGP_R'),
(2, 6, 'NICO ROSBERG', 'BGP_R'),
(3, 5, 'SEBASTIAN VETTEL', 'BGP_R'),
(4, 19, 'FELIPE MASSA', 'BGP_R'),
(5, 77, 'VALTTERI BOTTAS', 'BGP_R'),
(6, 26, 'DANIIL KVYAT', 'BGP_R'),
(7, 27, 'NICO HULKENBERG', 'BGP_R'),
(8, 7, 'KIMI R?IKK?NEN', 'BGP_R'),
(9, 11, 'SERGIO PEREZ', 'BGP_R'),
(10, 14, 'FERNANDO ALONSO', 'BGP_R'),
(11, 9, 'MARCUS ERICSSON', 'BGP_R'),
(12, 98, 'ROBERTO MERHI', 'BGP_R'),
(13, 28, 'WILL STEVENS', 'BGP_R'),
(14, 55, 'CARLOS SAINZ', 'BGP_R'),
(15, 3, 'DANIEL RICCIARDO', 'BGP_R'),
(16, 33, 'MAX VERSTAPPEN', 'BGP_R'),
(17, 8, 'ROMAIN GROSJEAN', 'BGP_R'),
(18, 13, 'PASTOR MALDONADO', 'BGP_R'),
(19, 22, 'JENSON BUTTON', 'BGP_R'),
(20, 12, 'FELIPE NASR', 'BGP_R'),
(1, 44, 'LEWIS HAMILTON', 'SBGP_R'),
(2, 6, 'NICO ROSBERG', 'SBGP_R'),
(3, 8, 'ROMAIN GROSJEAN', 'SBGP_R'),
(4, 26, 'DANIIL KVYAT', 'SBGP_R'),
(5, 11, 'SERGIO PEREZ', 'SBGP_R'),
(6, 19, 'FELIPE MASSA', 'SBGP_R'),
(7, 7, 'KIMI R?IKK?NEN', 'SBGP_R'),
(8, 33, 'MAX VERSTAPPEN', 'SBGP_R'),
(9, 77, 'VALTTERI BOTTAS', 'SBGP_R'),
(10, 9, 'MARCUS ERICSSON', 'SBGP_R'),
(11, 12, 'FELIPE NASR', 'SBGP_R'),
(12, 5, 'SEBASTIAN VETTEL', 'SBGP_R'),
(13, 14, 'FERNANDO ALONSO', 'SBGP_R'),
(14, 22, 'JENSON BUTTON', 'SBGP_R'),
(15, 98, 'ROBERTO MERHI', 'SBGP_R'),
(16, 28, 'WILL STEVENS', 'SBGP_R'),
(17, 55, 'CARLOS SAINZ', 'SBGP_R'),
(18, 3, 'DANIEL RICCIARDO', 'SBGP_R'),
(19, 13, 'PASTOR MALDONADO', 'SBGP_R'),
(20, 27, 'NICO HULKENBERG', 'SBGP_R'),
(1, 5, 'SEBASTIAN VETTEL', 'SAGP_R'),
(2, 3, 'DANIEL RICCIARDO', 'SAGP_R'),
(3, 7, 'KIMI R?IKK?NEN', 'SAGP_R'),
(4, 6, 'NICO ROSBERG', 'SAGP_R'),
(5, 77, 'VALTTERI BOTTAS', 'SAGP_R'),
(6, 26, 'DANIIL KVYAT', 'SAGP_R'),
(7, 11, 'SERGIO PEREZ', 'SAGP_R'),
(8, 33, 'MAX VERSTAPPEN', 'SAGP_R'),
(9, 55, 'CARLOS SAINZ', 'SAGP_R'),
(10, 12, 'FELIPE NASR', 'SAGP_R'),
(11, 9, 'MARCUS ERICSSON', 'SAGP_R'),
(12, 13, 'PASTOR MALDONADO', 'SAGP_R'),
(13, 8, 'ROMAIN GROSJEAN', 'SAGP_R'),
(14, 53, 'ALEXANDER ROSSI', 'SAGP_R'),
(15, 28, 'WILL STEVENS', 'SAGP_R'),
(16, 22, 'JENSON BUTTON', 'SAGP_R'),
(17, 14, 'FERNANDO ALONSO', 'SAGP_R'),
(18, 44, 'LEWIS HAMILTON', 'SAGP_R'),
(19, 19, 'FELIPE MASSA', 'SAGP_R'),
(20, 27, 'NICO HULKENBERG', 'SAGP_R'),
(1, 44, 'LEWIS HAMILTON', 'JGP_R'),
(2, 6, 'NICO ROSBERG', 'JGP_R'),
(3, 5, 'SEBASTIAN VETTEL', 'JGP_R'),
(4, 7, 'KIMI R?IKK?NEN', 'JGP_R'),
(5, 77, 'VALTTERI BOTTAS', 'JGP_R'),
(6, 27, 'NICO HULKENBERG', 'JGP_R'),
(7, 8, 'ROMAIN GROSJEAN', 'JGP_R'),
(8, 13, 'PASTOR MALDONADO', 'JGP_R'),
(9, 33, 'MAX VERSTAPPEN', 'JGP_R'),
(10, 55, 'CARLOS SAINZ', 'JGP_R'),
(11, 14, 'FERNANDO ALONSO', 'JGP_R'),
(12, 11, 'SERGIO PEREZ', 'JGP_R'),
(13, 26, 'DANIIL KVYAT', 'JGP_R'),
(14, 9, 'MARCUS ERICSSON', 'JGP_R'),
(15, 3, 'DANIEL RICCIARDO', 'JGP_R'),
(16, 22, 'JENSON BUTTON', 'JGP_R'),
(17, 19, 'FELIPE MASSA', 'JGP_R'),
(18, 53, 'ALEXANDER ROSSI', 'JGP_R'),
(19, 28, 'WILL STEVENS', 'JGP_R'),
(20, 12, 'FELIPE NASR', 'JGP_R'),
(1, 44, 'LEWIS HAMILTON', 'RGP_R'),
(2, 5, 'SEBASTIAN VETTEL', 'RGP_R'),
(3, 11, 'SERGIO PEREZ', 'RGP_R'),
(4, 19, 'FELIPE MASSA', 'RGP_R'),
(5, 26, 'DANIIL KVYAT', 'RGP_R'),
(6, 12, 'FELIPE NASR', 'RGP_R'),
(7, 13, 'PASTOR MALDONADO', 'RGP_R'),
(8, 7, 'KIMI R?IKK?NEN', 'RGP_R'),
(9, 22, 'JENSON BUTTON', 'RGP_R'),
(10, 33, 'MAX VERSTAPPEN', 'RGP_R'),
(11, 14, 'FERNANDO ALONSO', 'RGP_R'),
(12, 77, 'VALTTERI BOTTAS', 'RGP_R'),
(13, 98, 'ROBERTO MERHI', 'RGP_R'),
(14, 28, 'WILL STEVENS', 'RGP_R'),
(15, 3, 'DANIEL RICCIARDO', 'RGP_R'),
(16, 55, 'CARLOS SAINZ', 'RGP_R'),
(17, 8, 'ROMAIN GROSJEAN', 'RGP_R'),
(18, 6, 'NICO ROSBERG', 'RGP_R'),
(19, 27, 'NICO HULKENBERG', 'RGP_R'),
(20, 9, 'MARCUS ERICSSON', 'RGP_R'),
(1, 44, 'LEWIS HAMILTON', 'USGP_R'),
(2, 6, 'NICO ROSBERG', 'USGP_R'),
(3, 5, 'SEBASTIAN VETTEL', 'USGP_R'),
(4, 33, 'MAX VERSTAPPEN', 'USGP_R'),
(5, 11, 'SERGIO PEREZ', 'USGP_R'),
(6, 22, 'JENSON BUTTON', 'USGP_R'),
(7, 55, 'CARLOS SAINZ', 'USGP_R'),
(8, 13, 'PASTOR MALDONADO', 'USGP_R'),
(9, 12, 'FELIPE NASR', 'USGP_R'),
(10, 3, 'DANIEL RICCIARDO', 'USGP_R'),
(11, 14, 'FERNANDO ALONSO', 'USGP_R'),
(12, 53, 'ALEXANDER ROSSI', 'USGP_R'),
(13, 26, 'DANIIL KVYAT', 'USGP_R'),
(14, 27, 'NICO HULKENBERG', 'USGP_R'),
(15, 9, 'MARCUS ERICSSON', 'USGP_R'),
(16, 7, 'KIMI R?IKK?NEN', 'USGP_R'),
(17, 19, 'FELIPE MASSA', 'USGP_R'),
(18, 8, 'ROMAIN GROSJEAN', 'USGP_R'),
(19, 77, 'VALTTERI BOTTAS', 'USGP_R'),
(20, 28, 'WILL STEVENS', 'USGP_R');

-- --------------------------------------------------------

--
-- Table structure for table `users`
--

CREATE TABLE IF NOT EXISTS `users` (
  `user_name` varchar(20) DEFAULT NULL,
  `email_id` varchar(30) NOT NULL DEFAULT '',
  `password` varchar(20) DEFAULT NULL,
  `reg_date` timestamp NOT NULL DEFAULT CURRENT_TIMESTAMP ON UPDATE CURRENT_TIMESTAMP,
  `total_points` int(11) NOT NULL DEFAULT '0'
) ENGINE=InnoDB DEFAULT CHARSET=utf8;

--
-- Dumping data for table `users`
--

INSERT INTO `users` (`user_name`, `email_id`, `password`, `reg_date`, `total_points`) VALUES
('Dhruvi Sharma', 'dhruvisharma07@gmail.com', 'p', '2016-04-23 13:18:39', 50),
('Pranjal', 'pm@snu', 'pranjal', '0000-00-00 00:00:00', 0),
('Samin Batra', 'sb@snu', 'tiger', '0000-00-00 00:00:00', 0),
('Vishal Gauba', 'vishg8@gmail.com', 'p', '2016-04-23 13:18:39', 50);

--
-- Indexes for dumped tables
--

--
-- Indexes for table `drivers`
--
ALTER TABLE `drivers`
 ADD PRIMARY KEY (`id`);

--
-- Indexes for table `gp`
--
ALTER TABLE `gp`
 ADD PRIMARY KEY (`session_id`);

--
-- Indexes for table `points`
--
ALTER TABLE `points`
 ADD PRIMARY KEY (`user_name`,`gp_id`);

--
-- Indexes for table `practice_sessions`
--
ALTER TABLE `practice_sessions`
 ADD PRIMARY KEY (`driver_id`,`session_id`);

--
-- Indexes for table `users`
--
ALTER TABLE `users`
 ADD PRIMARY KEY (`email_id`);

/*!40101 SET CHARACTER_SET_CLIENT=@OLD_CHARACTER_SET_CLIENT */;
/*!40101 SET CHARACTER_SET_RESULTS=@OLD_CHARACTER_SET_RESULTS */;
/*!40101 SET COLLATION_CONNECTION=@OLD_COLLATION_CONNECTION */;
